id,misspellings,acronyms,messages,authors
1,6,0,20,4
2,6,3,27,2
3,1,0,2,2
4,5,0,9,3
5,16,0,26,3
6,0,0,3,3
7,2,0,2,2
8,9,0,2,2
9,10,0,2,2
10,11,1,13,6
11,3,0,1,1
12,0,0,1,1
13,0,0,2,2
14,9,0,4,3
15,0,0,1,1
16,27,1,13,4
17,46,1,15,3
18,1,0,1,1
19,1,0,1,1
20,3,0,4,3
21,23,0,8,3
22,20,0,12,3
23,6,0,3,2
24,2,0,3,2
25,1,0,1,1
26,5,1,13,3
27,0,0,1,1
28,8,0,11,3
29,2,0,1,1
30,8,0,8,2
31,3,0,1,1
32,0,0,5,3
33,16,1,14,6
34,10,1,9,3
35,56,0,14,6
36,11,0,2,2
37,17,0,10,3
38,5,0,3,2
39,41,0,10,3
40,0,0,2,2
41,16,0,23,2
42,0,0,1,1
43,1,0,1,1
44,15,1,14,5
45,26,0,22,7
46,0,0,2,2
47,8,0,8,2
48,6,0,6,4
49,24,2,47,11
51,1,0,4,2
52,3,0,7,3
53,6,0,9,3
54,3,0,2,2
55,5,0,7,3
56,0,0,1,1
57,8,0,6,2
58,16,0,10,5
59,0,0,3,2
60,4,0,5,2
61,5,0,1,1
62,3,0,14,2
63,33,2,34,9
64,14,0,22,4
65,17,3,18,5
66,8,0,12,3
67,11,0,2,2
68,4,0,1,1
69,8,0,7,2
70,7,0,9,3
71,10,0,6,4
72,25,0,25,5
73,2,0,5,2
74,5,0,8,2
75,3,0,3,3
76,2,0,3,2
77,3,0,2,2
78,6,1,7,5
79,0,0,1,1
80,41,0,19,5
81,6,0,3,3
82,1,0,1,1
83,16,0,17,6
84,8,0,22,5
85,1,0,1,1
86,0,0,1,1
87,6,0,18,4
88,9,0,16,4
89,17,0,10,4
90,1,0,1,1
91,17,0,10,4
92,4,0,1,1
93,17,1,11,4
94,0,0,1,1
95,12,0,12,6
96,2,0,1,1
97,91,0,48,10
98,0,0,2,2
99,31,1,48,8
100,25,0,23,4
101,7,0,1,1
102,4,0,9,3
103,3,0,2,2
104,0,0,2,2
105,30,0,15,3
106,5,0,8,4
107,1,0,1,1
108,1,0,1,1
109,2,0,1,1
110,4,0,2,2
111,13,1,12,3
112,3,0,4,2
113,16,0,26,5
114,5,0,7,4
115,1,1,1,1
116,2,0,1,1
117,30,1,52,6
118,1,0,1,1
119,0,0,1,1
120,0,0,2,2
121,7,0,11,6
122,2,0,1,1
123,55,4,48,3
124,41,0,3,3
125,39,0,7,3
126,2,0,1,1
127,0,0,1,1
128,17,1,28,5
129,1,0,2,2
130,3,0,2,2
131,39,0,5,2
132,2,0,2,2
133,16,0,13,3
134,7,1,6,4
135,15,0,12,2
136,2,0,6,3
137,11,0,8,6
138,7,0,2,2
139,0,0,1,1
140,10,0,13,3
141,0,0,1,1
142,4,0,3,2
143,5,0,3,3
144,20,0,26,8
146,5,0,8,5
147,1,0,1,1
148,1,1,4,3
149,1,0,2,2
150,7,0,16,5
151,2,0,2,2
152,0,0,1,1
153,0,1,4,3
154,1,0,3,2
155,7,1,15,2
156,14,1,20,4
157,1,0,1,1
158,4,0,3,3
159,13,2,25,4
161,0,0,2,2
162,1,1,3,2
163,0,0,1,1
164,2,0,5,4
165,2,0,3,2
166,15,1,20,5
167,13,2,12,4
168,15,0,14,3
170,4,2,7,4
171,8,0,7,3
172,1,0,1,1
173,2,0,1,1
174,10,0,8,5
175,0,0,3,2
176,12,0,15,4
177,7,1,6,2
178,14,0,4,3
179,1,0,1,1
180,3,0,9,2
181,2,0,5,3
182,70,1,19,5
184,7,0,26,4
185,24,0,2,2
186,121,1,36,4
187,0,0,3,2
188,30,0,9,4
189,5,0,1,1
190,23,0,25,5
191,1,0,1,1
192,13,0,7,3
193,10,0,2,2
194,34,0,22,7
195,0,0,1,1
196,0,0,1,1
197,0,0,2,2
198,7,0,3,3
199,3,0,10,4
200,1,0,1,1
201,15,1,6,3
202,55,1,57,5
203,38,0,27,9
204,31,1,23,7
205,2,0,1,1
206,4,0,7,3
207,5,0,1,1
208,1,0,1,1
209,56,0,18,3
210,1,0,1,1
211,6,0,7,2
212,14,0,8,2
213,21,0,25,4
214,3,0,3,2
215,5,0,1,1
216,17,0,7,2
217,47,0,54,4
218,1,0,1,1
219,17,0,23,4
220,5,0,1,1
221,13,0,1,1
222,3,0,1,1
223,3,0,1,1
224,13,0,8,4
225,2,0,4,3
226,30,0,4,4
227,16,0,20,4
228,2,0,4,2
229,4,0,1,1
230,4,0,2,2
231,4,0,13,3
232,1,0,1,1
233,2,0,9,4
234,1,0,1,1
235,13,0,5,2
236,9,0,4,4
237,29,0,11,3
238,1,0,1,1
239,0,1,6,2
240,1,0,5,3
241,16,0,3,3
242,1,0,1,1
243,0,0,1,1
244,29,0,40,5
245,1,0,1,1
246,3,0,8,3
247,16,1,18,5
248,1,0,2,2
249,27,0,4,3
250,1,0,1,1
251,1,0,2,2
252,5,0,1,1
253,123,3,125,8
254,0,0,1,1
255,6,0,6,2
256,4,1,5,3
257,9,1,30,4
258,5,0,3,3
259,0,0,1,1
260,11,0,11,5
261,1,0,1,1
262,12,0,3,2
263,5,0,14,4
264,46,2,94,11
265,1,0,1,1
266,1,1,7,4
267,0,0,2,2
268,2,0,1,1
270,18,0,12,4
271,13,0,17,4
273,0,0,1,1
274,12,0,8,2
275,2,0,3,3
276,6,0,5,3
277,18,0,22,5
278,79,2,33,8
279,2,0,2,2
280,0,0,1,1
281,1,0,1,1
282,2,0,1,1
283,12,0,5,4
284,12,0,13,2
285,12,0,6,2
287,2,0,1,1
288,6,0,5,2
289,6,0,15,4
290,0,0,1,1
291,0,0,2,2
292,3,0,14,3
293,34,0,15,5
294,3,0,2,2
295,2,0,1,1
296,5,0,1,1
297,74,2,9,3
298,40,2,33,6
300,0,0,1,1
301,23,1,27,4
302,15,0,4,2
303,8,0,15,3
304,112,3,101,7
305,2,0,1,1
306,3,0,2,2
307,2,0,1,1
308,0,0,5,3
309,4,0,4,4
310,0,0,1,1
311,16,0,19,4
312,7,0,14,6
313,0,0,1,1
314,0,0,2,2
315,53,1,20,3
316,13,0,22,4
317,1,0,3,3
318,5,0,2,2
319,20,0,1,1
320,0,0,1,1
321,35,1,16,2
322,17,0,9,3
323,2,0,1,1
324,22,1,25,4
325,37,1,32,6
326,1,0,3,3
327,2,0,5,2
328,10,0,5,3
329,3,0,2,2
331,39,1,11,6
332,1,0,4,4
333,4,0,3,2
334,4,0,3,2
335,57,0,29,7
336,0,0,1,1
337,2,0,1,1
338,1,0,2,2
339,7,0,13,4
340,0,0,1,1
341,9,0,6,2
342,1,0,1,1
343,31,1,23,4
344,18,0,9,2
345,15,0,7,3
346,11,0,7,3
347,18,0,15,6
348,0,0,1,1
349,2,0,6,3
350,2,0,4,2
351,3,0,7,3
352,10,0,37,5
354,2,0,10,5
355,0,0,1,1
356,30,0,13,5
357,0,0,1,1
358,29,0,3,2
359,12,0,1,1
360,3,1,13,4
361,3,0,5,2
362,3,0,1,1
363,0,0,1,1
364,5,0,10,5
365,6,0,5,4
366,1,0,1,1
367,0,0,2,2
368,1,0,1,1
369,7,0,5,3
370,7,0,3,3
371,13,0,28,11
372,0,0,1,1
373,4,0,3,3
374,10,0,18,5
375,2,0,1,1
376,12,0,14,4
377,2,2,6,3
378,0,0,1,1
379,4,0,3,2
380,1,0,2,2
381,0,0,3,3
382,31,0,8,4
384,0,0,1,1
385,50,4,49,5
388,9,2,30,7
389,0,0,1,1
390,7,0,7,4
391,38,0,32,7
392,10,0,3,2
393,1,0,1,1
394,44,0,8,4
395,24,0,15,3
396,11,0,9,3
397,8,0,5,2
398,3,0,2,2
399,11,0,6,2
400,1,0,3,3
401,3,0,2,2
402,4,0,19,5
403,14,0,32,5
404,2,0,2,2
405,10,0,9,4
406,20,0,20,2
407,0,0,1,1
408,0,0,1,1
409,33,0,23,3
410,0,0,1,1
411,0,0,4,3
412,2,0,2,2
413,33,1,22,5
414,17,0,4,4
415,0,0,1,1
416,0,0,3,3
417,24,3,32,2
418,30,1,40,6
419,1,0,1,1
420,1,0,2,2
421,2,0,5,3
422,0,0,1,1
423,0,0,1,1
424,8,0,16,5
425,7,0,9,6
426,6,0,8,2
427,16,0,17,4
429,4,0,6,4
430,7,0,12,2
431,19,0,4,3
432,61,0,16,2
433,17,0,21,4
434,13,0,8,4
435,31,1,33,3
436,67,0,23,6
437,1,0,3,2
438,0,0,1,1
439,8,0,3,2
440,3,0,2,2
441,0,0,3,2
442,15,0,1,1
443,1,0,3,2
444,3,0,1,1
445,59,1,18,6
446,0,0,1,1
447,1,1,1,1
448,2,0,2,2
449,39,0,14,4
450,1,0,8,2
451,3,0,3,2
452,2,0,2,2
453,14,0,10,4
454,3,0,11,4
455,1,0,4,3
456,8,0,3,2
457,4,0,8,3
458,10,0,12,6
459,0,0,1,1
460,4,0,2,2
461,1,0,1,1
462,0,0,1,1
463,4,0,3,2
464,17,2,15,3
465,0,1,1,1
466,5,1,3,2
467,1,0,1,1
468,142,0,46,3
469,0,0,1,1
470,1,0,1,1
471,3,0,3,2
472,0,0,1,1
473,51,2,59,7
474,1,0,1,1
475,3,0,8,4
476,10,1,9,4
477,0,0,1,1
478,1,0,1,1
479,45,1,37,6
480,9,0,13,4
481,17,0,27,7
482,0,0,1,1
483,34,5,53,9
484,1,0,1,1
485,0,0,1,1
486,9,1,19,4
487,0,0,1,1
488,21,7,74,7
489,4,1,10,3
490,2,0,6,3
491,3,0,4,3
492,4,0,1,1
493,37,1,14,4
494,0,0,2,2
495,77,1,45,6
496,2,0,5,2
497,25,0,6,3
498,2,0,1,1
499,14,0,23,6
500,0,0,1,1
501,2,0,4,4
502,20,3,25,5
503,1,0,1,1
504,1,0,3,2
505,13,0,4,3
506,17,0,6,4
507,0,0,1,1
508,0,0,1,1
509,0,0,2,2
510,1,0,1,1
511,5,0,4,2
512,16,0,15,6
513,0,0,1,1
514,0,0,2,2
515,1,0,2,2
516,4,0,3,2
517,6,1,19,6
518,4,0,5,3
519,1,0,1,1
520,60,0,7,2
521,1,0,1,1
522,2,0,5,2
523,7,0,3,2
524,2,0,1,1
525,11,0,1,1
526,9,0,3,3
527,0,0,1,1
528,5,1,3,2
529,10,1,21,6
530,0,0,1,1
531,4,0,3,3
532,5,1,3,2
533,1,0,1,1
534,8,0,4,3
535,0,0,1,1
536,8,0,25,4
537,0,0,3,2
538,19,0,23,4
539,0,0,1,1
540,5,6,18,6
541,1,0,3,2
542,2,0,2,2
543,7,0,1,1
544,12,0,7,4
546,12,0,2,2
547,16,0,11,5
548,0,0,1,1
549,1,0,3,3
550,7,0,9,3
551,0,1,1,1
552,7,0,5,2
553,11,0,13,3
554,2,0,1,1
555,152,4,54,9
556,17,0,2,2
557,6,0,5,2
558,2,0,1,1
559,23,0,21,6
560,1,0,1,1
561,37,0,20,3
562,5,0,9,2
563,3,0,3,2
564,2,0,2,2
565,1,0,2,2
566,1,0,1,1
567,8,0,5,2
568,7,1,7,3
569,26,0,15,4
570,100,0,12,3
571,29,3,42,6
573,1,0,1,1
574,8,0,1,1
575,9,0,3,2
576,0,0,1,1
577,9,0,2,2
578,0,0,1,1
579,0,0,1,1
580,2,0,5,3
581,13,0,14,3
582,4,0,4,2
583,3,0,7,3
584,12,1,14,5
585,5,0,9,4
586,7,0,3,2
587,4,0,1,1
588,19,0,7,2
589,2,0,3,2
590,1,0,1,1
591,4,0,6,2
592,3,0,1,1
593,5,0,1,1
594,33,0,1,1
595,4,0,2,2
596,51,0,6,3
597,0,0,1,1
598,0,0,1,1
599,1,0,1,1
600,2,1,3,2
601,41,0,9,3
602,1,0,2,2
603,1,0,1,1
604,13,0,22,4
605,13,0,9,3
606,5,0,5,4
607,1,0,3,2
608,5,0,6,5
609,1,0,2,2
610,18,2,39,6
611,1,0,2,2
612,27,2,22,4
613,0,0,1,1
614,3,0,4,3
615,36,2,58,6
616,3,0,2,2
617,1,0,4,4
618,12,0,20,6
619,0,0,1,1
620,8,0,3,3
621,0,0,2,2
622,2,0,2,2
623,0,0,2,2
624,1,0,1,1
625,10,0,2,2
626,5,1,4,3
627,3,0,9,4
628,2,0,1,1
629,2,0,1,1
630,3,0,1,1
631,34,0,13,2
632,0,0,1,1
633,3,0,1,1
634,15,0,16,4
635,1,0,3,2
636,7,0,11,5
637,15,0,19,8
638,3,0,4,4
639,3,0,1,1
640,102,3,48,8
641,1,0,1,1
642,2,0,1,1
643,1,0,1,1
644,64,1,60,11
645,0,0,1,1
646,1,0,1,1
647,2,0,2,2
648,1,0,1,1
649,3,0,6,4
650,2,0,2,2
651,0,0,1,1
652,5,0,4,2
653,77,0,1,1
654,4,0,8,2
655,0,0,1,1
656,4,0,3,3
657,24,0,6,3
658,3,0,3,2
659,1,0,1,1
660,1,0,2,2
661,16,1,11,2
663,19,0,13,3
664,0,0,1,1
665,4,0,3,2
666,3,0,1,1
667,17,0,13,4
668,1,0,1,1
669,3,1,8,3
670,6,0,2,2
671,15,0,20,4
672,1,0,3,2
673,20,0,8,3
674,30,2,27,4
675,6,0,3,3
676,31,0,10,3
677,96,0,37,4
678,1,0,1,1
679,17,0,6,3
680,2,0,5,3
681,7,0,7,5
682,111,4,104,12
683,2,0,1,1
684,7,0,6,5
686,0,0,1,1
687,6,0,5,3
688,12,0,11,3
689,8,1,10,5
690,35,1,26,5
691,0,0,1,1
692,18,0,14,6
693,0,0,1,1
694,1,0,1,1
695,58,0,12,2
696,4,0,1,1
697,9,1,8,3
698,2,0,9,4
699,3,0,3,2
700,0,0,1,1
701,3,0,2,2
702,1,0,3,2
703,46,1,20,5
704,24,1,33,4
706,0,0,1,1
707,1,2,8,4
708,18,0,3,3
710,0,0,1,1
711,14,2,21,5
712,11,0,4,2
713,2,0,1,1
714,15,1,20,5
716,1,0,2,2
717,1,0,4,4
718,0,0,1,1
719,3,0,3,3
720,69,0,54,5
721,0,0,1,1
723,17,0,5,3
724,7,0,1,1
725,3,0,1,1
726,69,2,16,2
727,0,0,1,1
728,26,0,8,3
729,5,0,1,1
730,12,2,14,4
731,67,0,23,4
732,0,0,3,3
733,9,0,2,2
734,13,0,1,1
735,24,2,10,3
737,6,0,9,2
738,0,0,1,1
739,26,0,3,2
740,1,0,1,1
741,5,0,4,2
742,37,0,2,2
743,8,0,1,1
744,129,2,43,6
745,0,0,1,1
746,25,0,9,3
747,9,1,9,4
748,12,0,1,1
749,8,0,1,1
750,50,7,65,6
751,0,0,1,1
752,6,0,4,3
753,16,1,29,2
754,11,0,3,2
755,35,1,4,3
756,1,0,1,1
757,31,0,21,5
758,17,0,6,4
759,24,2,60,5
760,0,0,1,1
761,63,0,23,8
762,0,0,1,1
763,0,0,1,1
764,14,0,11,3
765,11,0,16,5
766,2,0,1,1
767,0,0,1,1
768,3,0,4,2
769,29,2,28,6
770,2,0,3,2
771,3,0,1,1
772,40,2,10,5
773,47,1,63,3
774,20,0,2,2
775,0,0,1,1
776,34,1,30,4
777,3,0,2,2
778,1,0,1,1
779,16,1,8,4
780,0,0,1,1
781,36,0,58,6
782,4,0,1,1
783,1,0,1,1
784,6,0,7,4
785,2,0,2,2
786,32,1,13,3
787,8,0,3,2
788,1,0,1,1
789,0,0,1,1
790,4,0,1,1
791,4,0,4,4
792,31,4,30,4
793,5,0,9,2
794,8,0,15,2
795,3,1,4,3
796,11,1,5,2
797,1,0,3,3
798,2,0,7,3
799,0,0,1,1
800,38,0,34,6
801,26,0,20,4
802,2,0,1,1
803,13,0,6,3
804,8,0,4,2
805,1,0,1,1
806,1,0,1,1
807,32,0,17,4
808,6,0,1,1
809,25,0,19,5
810,11,0,3,2
811,2,0,2,2
812,0,0,1,1
813,6,0,14,3
814,19,0,18,7
815,2,0,1,1
816,1,0,1,1
817,28,0,19,6
818,11,0,1,1
819,22,0,20,5
820,5,0,2,2
821,3,0,2,2
822,6,0,4,2
823,3,0,10,5
824,5,0,2,2
825,23,0,17,5
826,39,0,29,4
827,1,0,1,1
828,2,0,1,1
829,21,0,4,2
830,33,1,17,3
831,35,0,8,5
832,3,0,1,1
833,3,0,1,1
834,13,0,28,4
836,39,0,3,2
837,20,0,12,8
838,5,0,1,1
839,7,0,1,1
840,0,0,1,1
841,1,0,1,1
842,39,0,4,2
843,88,2,44,5
844,0,0,1,1
845,0,0,1,1
846,3,0,2,2
847,34,0,19,6
848,5,0,2,2
849,0,0,2,2
850,21,1,17,4
851,7,0,8,4
852,2,0,5,4
853,17,0,2,2
854,4,0,2,2
855,0,0,1,1
856,16,0,6,2
858,6,7,23,3
859,13,0,1,1
860,2,0,1,1
861,6,0,3,2
862,6,0,2,2
863,6,0,1,1
864,49,0,17,4
865,1,0,1,1
866,20,0,10,3
868,0,0,1,1
869,46,0,19,3
870,3,0,6,2
871,55,0,10,2
873,17,0,1,1
874,3,0,3,2
875,34,0,32,6
876,0,0,1,1
877,0,0,1,1
878,8,0,7,3
879,1,0,1,1
880,57,3,70,8
881,5,0,3,3
882,4,0,3,2
883,10,0,1,1
885,3,0,1,1
886,4,1,4,2
887,2,0,1,1
888,8,0,4,3
889,0,0,1,1
890,54,0,2,2
891,3,0,6,2
892,16,0,3,2
893,8,1,5,2
894,7,0,4,3
895,1,0,1,1
896,3,0,1,1
897,15,0,7,2
898,51,0,44,6
899,3,0,1,1
900,1,0,2,2
901,11,0,19,3
902,3,0,4,3
903,0,0,1,1
904,2,0,1,1
905,24,1,28,10
906,0,0,3,3
907,1,0,3,2
908,2,0,1,1
909,1,0,1,1
910,8,0,2,2
911,0,0,2,2
912,2,0,2,2
913,3,0,3,3
914,1,0,1,1
915,0,0,1,1
916,2,0,4,3
917,2,0,1,1
918,143,3,12,5
919,0,0,2,2
920,1,0,1,1
921,0,0,1,1
922,18,0,2,2
923,6,0,2,2
924,1,0,1,1
925,3,0,2,2
926,9,0,11,3
927,11,0,3,2
928,0,0,1,1
929,10,0,5,3
930,8,0,5,3
931,16,0,1,1
932,2,0,4,3
933,2,0,1,1
934,32,0,20,6
935,7,0,1,1
936,20,0,5,2
937,15,0,3,2
938,44,0,2,2
939,17,0,25,5
940,0,0,1,1
941,29,1,26,6
942,9,1,6,2
943,1,0,1,1
944,16,0,3,3
945,9,0,2,2
946,5,0,3,3
947,2,0,2,2
948,2,0,2,2
950,25,0,29,8
951,1,0,1,1
952,0,0,1,1
953,2,0,4,3
954,2,0,1,1
955,7,1,3,3
956,11,0,2,2
957,21,3,3,2
958,1,0,1,1
959,2,0,1,1
960,31,0,8,3
961,1,0,1,1
962,4,0,3,3
963,42,0,18,5
964,2,0,3,3
965,10,0,12,4
966,1,0,2,2
967,0,1,2,2
968,15,0,1,1
969,3,0,2,2
970,6,0,3,3
971,0,0,1,1
972,0,0,1,1
973,3,0,6,4
974,9,0,3,3
975,44,3,16,8
976,156,11,128,10
977,28,0,2,2
978,11,0,3,2
979,5,2,3,2
980,3,0,4,2
981,3,0,2,2
983,6,0,7,2
984,2,0,2,2
985,0,0,1,1
986,4,0,1,1
987,1,0,5,2
988,1,0,1,1
989,4,0,8,3
990,5,1,4,2
991,0,0,1,1
992,1,1,8,2
993,1,0,1,1
994,2,0,3,3
995,4,0,5,3
996,113,1,69,7
997,6,0,2,2
998,50,0,34,7
999,3,0,2,2
1000,1,0,1,1
1001,1,0,1,1
1002,1,0,2,2
1003,18,1,27,3
1004,0,0,1,1
1005,8,0,1,1
1006,3,0,3,3
1007,8,0,1,1
1008,1,0,1,1
1009,48,0,6,3
1010,23,0,2,2
1011,5,0,2,2
1012,9,0,6,4
1013,12,2,10,4
1014,12,1,8,3
1015,9,2,10,4
1016,8,0,2,2
1017,1,0,1,1
1018,4,0,3,2
1019,3,0,1,1
1020,2,0,1,1
1021,131,1,44,7
1022,3,0,4,3
1023,28,2,26,5
1024,7,0,3,3
1025,10,0,1,1
1026,28,1,49,2
1027,30,0,31,6
1028,114,3,102,8
1029,5,0,1,1
1030,43,2,34,5
1031,28,0,10,5
1032,6,2,6,4
1033,3,0,4,2
1034,7,0,2,2
1035,1,0,1,1
1036,20,0,14,4
1037,14,0,16,6
1038,7,0,1,1
1039,2,0,1,1
1040,0,0,1,1
1041,103,1,40,4
1042,0,0,1,1
1043,0,0,1,1
1044,5,1,10,5
1045,5,0,3,3
1046,20,0,3,3
1047,4,0,1,1
1048,2,0,1,1
1049,4,1,4,2
1050,0,0,1,1
1051,5,0,2,2
1052,10,0,2,2
1053,5,0,1,1
1054,2,0,2,2
1055,45,0,17,3
1056,0,0,1,1
1057,20,0,7,4
1058,1,0,1,1
1059,0,0,1,1
1060,0,0,1,1
1061,2,0,10,2
1062,13,0,8,4
1063,0,0,1,1
1064,1,0,1,1
1065,0,0,1,1
1066,0,0,1,1
1067,2,0,1,1
1068,1,0,4,2
1069,6,0,1,1
1070,19,0,15,6
1071,77,0,34,4
1072,0,0,1,1
1073,5,0,5,2
1074,10,0,5,4
1075,17,0,11,7
1076,13,0,12,4
1077,0,0,2,2
1078,3,0,3,2
1079,25,1,13,3
1080,0,0,1,1
1081,1,0,1,1
1082,6,0,4,2
1083,1,0,1,1
1084,1,0,4,2
1085,10,0,13,3
1086,4,0,2,2
1087,8,0,7,3
1088,22,0,1,1
1089,2,0,7,4
1090,1,0,3,3
1091,2,0,1,1
1092,7,0,10,5
1093,3,0,3,3
1094,6,0,1,1
1095,24,2,8,5
1096,41,0,10,3
1097,0,0,5,2
1098,5,0,7,4
1099,1,0,2,2
1100,6,0,4,3
1101,0,0,1,1
1102,10,2,16,5
1103,6,0,4,2
1104,11,0,15,4
1105,29,0,14,7
1106,5,0,3,2
1107,6,0,1,1
1108,1,1,13,3
1109,3,0,1,1
1110,0,0,1,1
1111,2,0,1,1
1112,4,1,4,4
1113,2,0,1,1
1114,42,0,11,4
1115,0,0,1,1
1116,15,0,2,2
1117,0,0,1,1
1118,1,0,1,1
1119,3,0,1,1
1120,0,0,1,1
1121,12,0,3,2
1122,65,0,10,2
1123,3,0,2,2
1124,49,0,21,8
1125,3,0,1,1
1126,49,0,24,4
1127,5,0,8,4
1128,20,1,18,4
1129,1,0,2,2
1130,42,0,13,3
1131,0,0,1,1
1132,2,0,5,2
1133,17,0,14,3
1134,0,0,1,1
1135,8,0,8,3
1136,14,1,12,5
1137,1,0,2,2
1138,13,0,41,8
1139,8,1,5,4
1140,74,0,10,5
1141,2,0,5,2
1142,32,0,28,4
1143,0,0,1,1
1144,4,0,6,3
1145,2,0,2,2
1146,2,1,7,3
1147,30,5,25,7
1148,7,0,14,3
1149,5,1,8,4
1150,12,0,2,2
1151,40,0,19,6
1152,0,0,1,1
1153,132,0,77,9
1154,3,0,1,1
1155,18,0,1,1
1156,33,0,4,3
1158,8,0,1,1
1159,8,1,8,5
1160,17,0,6,2
1161,39,0,22,5
1162,5,1,17,5
1163,0,0,1,1
1164,0,0,1,1
1165,11,0,5,3
1166,2,0,1,1
1167,2,0,4,4
1168,2,0,1,1
1169,1,0,2,2
1170,1,0,1,1
1171,38,0,16,6
1172,0,0,1,1
1173,1,0,2,2
1174,8,0,7,3
1175,14,0,14,4
1176,0,0,1,1
1177,19,0,10,3
1179,0,0,1,1
1180,3,0,7,3
1181,0,0,1,1
1182,6,0,5,2
1183,17,2,4,3
1184,19,0,31,8
1185,18,0,20,4
1186,40,3,52,8
1187,5,0,1,1
1188,1,1,4,2
1189,1,0,4,3
1190,24,1,35,8
1191,7,0,2,2
1192,14,0,6,4
1193,0,0,1,1
1194,9,0,2,2
1195,24,0,24,4
1196,7,0,2,2
1197,44,2,40,5
1198,2,0,1,1
1199,0,0,1,1
1200,74,3,38,8
1201,3,0,1,1
1202,22,0,2,2
1203,1,0,1,1
1204,1,2,2,2
1205,4,0,2,2
1206,6,1,2,2
1207,1,0,1,1
1208,0,0,5,3
1209,7,1,5,3
1210,0,0,1,1
1211,4,0,3,3
1212,25,1,20,4
1213,0,0,1,1
1214,8,1,11,4
1215,13,0,3,2
1216,19,0,16,4
1217,1,0,1,1
1218,3,0,1,1
1219,43,0,14,4
1220,0,0,1,1
1221,0,0,1,1
1222,27,2,6,3
1223,2,0,3,3
1224,4,0,1,1
1225,2,0,2,2
1226,1,0,1,1
1227,10,0,6,4
1228,7,1,13,6
1229,5,1,7,3
1230,0,0,1,1
1231,1,0,1,1
1232,12,0,23,4
1233,1,0,3,2
1234,9,0,1,1
1235,2,0,1,1
1236,0,0,1,1
1237,19,0,13,4
1238,11,0,5,3
1240,19,2,12,3
1241,7,0,9,3
1242,5,1,7,5
1243,0,0,1,1
1244,0,0,2,2
1245,3,0,1,1
1246,1,0,1,1
1247,3,0,2,2
1248,3,0,2,2
1249,14,0,2,2
1250,0,0,1,1
1251,18,0,46,7
1252,0,0,1,1
1253,23,0,17,8
1254,1,0,1,1
1255,5,0,1,1
1256,11,0,19,8
1257,0,0,1,1
1258,17,0,9,3
1259,0,0,1,1
1260,22,3,41,6
1261,4,0,5,2
1262,0,0,1,1
1263,3,0,5,3
1264,59,0,19,4
1265,3,4,13,3
1266,5,0,31,6
1267,2,0,1,1
1268,3,0,2,2
1269,41,0,23,6
1270,1,0,2,2
1271,2,0,7,2
1272,36,0,1,1
1273,3,0,2,2
1274,0,0,1,1
1275,24,0,1,1
1276,11,0,1,1
1277,1,0,1,1
1278,0,0,1,1
1279,3,0,3,2
1280,45,0,10,3
1281,0,0,1,1
1282,4,1,3,2
1283,1,0,1,1
1284,0,0,1,1
1285,41,0,1,1
1286,0,0,1,1
1287,1,0,1,1
1288,0,0,1,1
1289,14,1,18,4
1290,1,0,1,1
1291,0,0,1,1
1292,42,0,10,3
1293,15,1,21,5
1294,7,0,1,1
1295,3,0,4,4
1296,9,0,3,2
1297,3,0,1,1
1298,21,0,10,3
1299,6,1,7,4
1300,1,0,1,1
1301,2,0,2,2
1302,0,0,1,1
1303,62,0,14,3
1304,0,0,1,1
1305,0,0,1,1
1306,11,1,7,3
1307,3,2,12,2
1308,0,0,1,1
1309,8,0,7,5
1310,0,0,2,2
1311,0,0,2,2
1312,23,2,18,4
1313,4,0,5,2
1314,8,0,7,4
1315,0,0,1,1
1316,2,0,2,2
1317,10,0,2,2
1318,0,0,1,1
1319,7,0,3,2
1320,19,0,10,3
1321,0,0,2,2
1322,12,0,7,2
1323,7,0,6,2
1324,10,0,5,3
1325,0,0,1,1
1326,3,0,1,1
1327,2,0,1,1
1328,1,0,2,2
1329,0,0,1,1
1330,1,0,2,2
1331,1,0,1,1
1332,8,0,5,4
1333,27,0,35,4
1334,0,0,3,3
1335,35,3,24,4
1336,37,1,26,9
1337,22,4,40,5
1340,4,0,8,3
1341,1,0,1,1
1342,11,0,12,6
1343,0,0,1,1
1344,19,0,18,5
1345,1,0,1,1
1346,2,0,1,1
1347,31,0,11,5
1348,0,0,1,1
1349,93,0,40,9
1350,19,0,3,3
1351,0,0,1,1
1352,0,0,4,3
1353,4,0,1,1
1354,0,0,3,2
1355,1,0,1,1
1356,2,0,1,1
1357,5,0,15,6
1358,1,0,1,1
1359,7,0,1,1
1360,4,0,1,1
1361,4,0,4,4
1362,0,0,1,1
1363,4,0,2,2
1364,19,1,7,3
1365,3,0,5,3
1366,14,0,10,3
1367,0,0,1,1
1368,8,0,3,2
1369,4,0,8,3
1370,19,1,10,4
1371,1,0,1,1
1372,4,0,1,1
1373,5,0,1,1
1374,1,0,1,1
1375,50,0,26,5
1376,2,0,2,2
1377,0,0,1,1
1378,12,1,16,5
1379,10,0,13,3
1380,4,0,4,3
1381,1,0,4,3
1382,3,0,1,1
1383,5,0,1,1
1384,57,0,5,3
1385,3,0,3,3
1386,5,1,3,3
1388,5,0,3,2
1389,28,1,15,4
1390,3,0,6,2
1391,3,0,1,1
1392,8,1,14,3
1393,21,0,5,2
1394,6,0,4,3
1395,0,0,1,1
1396,2,0,4,2
1397,14,0,4,2
1398,3,0,3,2
1399,2,0,2,2
1400,1,0,1,1
1401,5,0,2,2
1402,13,0,2,2
1403,1,0,2,2
1404,1,0,1,1
1405,1,0,1,1
1406,18,0,33,5
1407,5,0,9,4
1408,2,0,1,1
1409,0,0,2,2
1410,10,0,2,2
1411,17,0,12,6
1412,2,0,1,1
1413,1,1,6,6
1414,0,0,1,1
1415,2,0,1,1
1416,9,0,19,4
1417,0,0,1,1
1418,1,0,2,2
1419,2,0,1,1
1420,5,0,2,2
1422,5,0,1,1
1423,7,0,5,2
1424,4,0,3,3
1425,11,0,6,3
1426,4,0,2,2
1427,56,1,70,4
1429,17,2,10,8
1430,0,0,1,1
1431,64,1,11,5
1432,9,0,20,4
1433,0,0,1,1
1434,0,0,1,1
1435,4,0,4,2
1436,11,0,7,2
1438,6,0,3,3
1439,8,0,5,2
1440,0,0,1,1
1441,15,1,11,5
1442,8,0,1,1
1443,6,1,5,4
1444,26,0,6,3
1445,12,0,9,5
1446,29,1,27,6
1447,1,0,1,1
1448,6,1,4,3
1449,6,0,4,3
1450,1,0,1,1
1451,49,1,8,4
1452,0,0,1,1
1453,5,0,3,3
1454,21,0,5,3
1455,30,0,33,4
1456,0,0,2,2
1457,13,0,1,1
1458,24,0,8,4
1459,0,0,1,1
1460,1,0,1,1
1461,5,0,1,1
1462,6,0,1,1
1463,8,0,6,6
1464,1,0,1,1
1465,0,0,1,1
1466,2,0,1,1
1467,143,0,20,4
1468,1,0,1,1
1469,0,0,1,1
1470,3,0,3,3
1472,17,0,4,3
1473,13,0,4,4
1474,2,0,6,2
1475,0,0,1,1
1476,1,0,2,2
1477,6,0,1,1
1478,8,0,5,3
1480,4,0,9,3
1481,5,0,1,1
1482,35,0,5,4
1483,2,0,1,1
1484,62,0,6,3
1485,4,0,4,2
1486,7,0,5,3
1487,100,0,10,3
1488,3,0,1,1
1489,20,0,4,2
1490,7,0,1,1
1491,6,0,5,2
1492,1,0,1,1
1493,2,0,7,3
1494,0,0,3,2
1495,24,0,16,4
1496,0,0,1,1
1497,2,0,1,1
1498,5,0,1,1
1499,0,0,1,1
1500,23,1,11,7
1501,13,0,3,2
1502,10,1,5,3
1503,1,0,2,2
1504,10,0,1,1
1505,6,0,2,2
1506,7,0,6,4
1507,0,0,1,1
1508,3,0,1,1
1509,58,0,44,3
1510,3,0,8,2
1511,7,0,24,4
1512,1,0,2,2
1513,53,0,29,3
1515,5,0,2,2
1516,4,0,4,3
1517,21,1,6,3
1518,0,0,1,1
1519,4,0,2,2
1520,4,0,3,3
1522,31,0,2,2
1524,11,0,1,1
1525,0,0,2,2
1526,8,0,7,2
1527,7,0,5,2
1528,24,0,15,4
1529,7,0,1,1
1530,4,2,13,5
1531,0,0,1,1
1532,9,0,7,2
1533,0,0,1,1
1534,1,0,1,1
1535,33,0,12,5
1536,0,0,1,1
1537,44,0,8,4
1539,7,0,2,2
1540,9,0,1,1
1541,34,0,24,6
1542,10,0,2,2
1543,2,1,4,3
1544,4,0,2,2
1546,3,0,2,2
1547,0,0,1,1
1548,43,0,11,2
1549,51,1,9,2
1550,2,0,3,2
1551,0,0,1,1
1552,47,1,7,4
1553,0,0,1,1
1554,27,0,1,1
1555,0,0,1,1
1556,26,1,21,4
1557,1,0,1,1
1558,3,0,2,2
1559,4,0,2,2
1560,4,0,1,1
1561,11,0,8,3
1562,2,0,4,3
1563,60,1,29,9
1564,2,0,1,1
1565,4,0,2,2
1566,32,0,11,6
1567,2,0,1,1
1568,0,0,1,1
1569,0,0,1,1
1570,8,0,4,2
1571,32,0,15,6
1572,3,0,5,2
1573,9,0,11,3
1574,0,0,1,1
1575,3,0,1,1
1576,11,0,2,2
1577,15,1,15,4
1578,1,0,1,1
1579,0,0,2,2
1580,48,0,20,5
1581,1,0,1,1
1583,20,0,15,4
1584,2,0,1,1
1585,0,0,1,1
1586,23,0,8,5
1587,29,0,24,5
1588,9,0,5,3
1589,0,0,1,1
1590,0,0,1,1
1591,5,0,9,2
1592,3,0,1,1
1593,20,0,3,2
1595,0,0,1,1
1596,8,0,1,1
1597,7,0,5,3
1598,13,0,8,3
1599,5,0,1,1
1600,1,0,1,1
1601,5,0,2,2
1602,58,0,18,7
1603,7,0,2,2
1604,10,0,1,1
1605,5,0,1,1
1606,3,0,1,1
1607,26,1,5,3
1608,10,0,2,2
1609,11,0,34,3
1610,37,2,24,6
1611,1,0,1,1
1612,0,0,1,1
1613,6,0,13,3
1614,3,0,4,3
1615,14,0,4,2
1616,52,0,41,4
1617,25,0,23,5
1618,0,0,1,1
1619,0,0,1,1
1620,13,2,16,8
1621,0,0,1,1
1622,19,0,1,1
1623,62,1,22,4
1624,2,0,2,2
1625,1,0,1,1
1626,63,2,28,5
1627,28,0,5,5
1628,7,0,13,6
1629,0,0,1,1
1630,7,0,5,2
1631,9,1,8,3
1632,0,0,3,2
1633,3,0,5,2
1634,5,0,3,2
1635,0,0,2,2
1636,43,2,42,12
1637,1,0,2,2
1639,6,0,5,2
1640,2,0,1,1
1641,0,0,1,1
1642,2,0,3,2
1643,0,0,1,1
1644,4,0,4,3
1645,0,0,1,1
1646,11,0,7,4
1647,1,0,1,1
1648,30,0,6,3
1649,6,0,1,1
1650,12,3,20,8
1651,0,0,1,1
1652,43,1,21,4
1653,41,1,15,4
1654,1,0,3,3
1655,27,0,26,3
1656,1,0,1,1
1657,5,0,3,2
1658,2,0,4,2
1659,10,0,6,3
1660,10,0,9,4
1661,1,0,2,2
1662,0,0,1,1
1663,10,0,11,2
1664,21,0,5,2
1665,12,0,5,2
1666,6,0,4,3
1667,47,2,39,7
1668,1,0,1,1
1669,0,0,1,1
1670,15,1,7,3
1671,11,0,6,4
1672,27,0,20,3
1673,1,0,1,1
1674,2,0,3,2
1675,0,0,1,1
1676,3,0,5,3
1677,6,0,1,1
1678,31,0,40,7
1679,0,0,1,1
1680,12,0,1,1
1681,3,0,4,2
1682,4,0,3,3
1683,4,0,2,2
1684,17,0,8,2
1685,19,0,1,1
1686,35,0,6,4
1687,70,2,89,6
1688,2,0,1,1
1689,1,0,1,1
1690,3,0,3,3
1691,22,0,14,6
1692,6,0,7,5
1693,14,0,10,4
1694,4,0,2,2
1695,24,0,4,3
1696,47,0,22,2
1697,16,0,13,3
1698,7,0,2,2
1699,28,1,11,3
1700,15,1,19,3
1701,33,2,33,4
1702,4,0,4,3
1703,5,0,6,2
1704,29,0,2,2
1705,30,1,30,6
1706,3,0,1,1
1707,6,0,7,5
1708,3,0,3,2
1709,8,1,3,3
1710,0,0,1,1
1711,0,0,1,1
1712,2,0,1,1
1713,0,0,1,1
1714,5,0,3,2
1715,10,0,6,3
1716,2,0,3,2
1717,8,1,14,3
1718,1,0,1,1
1719,24,0,14,6
1720,1,0,1,1
1721,54,0,32,7
1722,13,0,3,2
1723,1,0,1,1
1724,0,0,1,1
1725,2,0,1,1
1726,9,0,15,5
1727,46,10,111,9
1728,6,0,12,4
1729,1,0,1,1
1730,8,2,22,4
1731,0,0,4,3
1732,25,6,44,4
1733,33,1,30,4
1734,0,0,1,1
1735,0,0,1,1
1736,15,0,1,1
1737,0,0,1,1
1738,5,0,4,3
1739,1,0,1,1
1740,3,0,1,1
1741,7,0,3,2
1742,74,2,61,6
1743,9,0,5,3
1744,7,0,12,4
1745,11,1,6,3
1746,1,0,2,2
1747,20,3,20,5
1748,1,2,2,2
1749,13,0,1,1
1750,11,0,1,1
1751,8,0,3,2
1752,0,0,2,2
1753,19,0,5,2
1754,52,2,45,6
1756,6,1,10,2
1757,1,0,1,1
1758,6,0,9,5
1759,2,0,1,1
1760,3,0,1,1
1761,2,0,4,4
1762,4,0,2,2
1764,6,0,2,2
1765,3,0,1,1
1766,55,1,101,8
1767,0,0,2,2
1768,20,0,5,3
1769,22,4,40,6
1770,1,0,2,2
1771,0,0,1,1
1772,36,0,10,6
1773,91,0,71,5
1774,4,0,5,4
1775,3,0,1,1
1776,79,0,11,2
1777,1,0,2,2
1778,0,0,1,1
1779,7,0,1,1
1780,8,0,3,2
1781,13,0,9,4
1782,2,0,1,1
1783,53,1,25,7
1784,0,0,2,2
1785,8,0,7,4
1786,1,0,1,1
1787,77,1,13,2
1788,82,2,93,5
1789,12,0,16,7
1790,0,0,1,1
1791,4,0,3,3
1792,1,0,1,1
1793,17,0,32,3
1794,3,0,5,3
1795,25,0,14,5
1796,114,0,53,7
1797,13,0,2,2
1798,80,0,49,12
1799,26,2,43,6
1800,0,0,1,1
1801,32,1,58,3
1802,1,0,1,1
1803,1,0,2,2
1804,8,0,16,7
1805,0,0,1,1
1806,8,1,5,4
1807,13,0,9,3
1808,25,1,7,3
1809,14,0,20,3
1810,0,1,6,4
1811,2,0,17,4
1812,0,0,1,1
1813,3,1,5,2
1814,11,0,1,1
1815,0,0,1,1
1816,3,0,6,2
1817,14,0,2,2
1818,33,0,2,2
1819,3,0,2,2
1820,1,0,2,2
1821,3,0,4,3
1822,1,0,2,2
1823,0,0,1,1
1824,1,0,1,1
1825,5,1,5,3
1826,0,0,1,1
1827,4,0,1,1
1828,2,0,4,2
1829,10,0,15,3
1830,11,0,21,2
1831,11,0,2,2
1832,90,1,20,3
1833,3,0,3,2
1834,18,0,19,4
1835,2,0,1,1
1836,22,0,10,2
1837,37,0,18,6
1838,0,0,1,1
1839,2,0,1,1
1840,0,0,1,1
1841,4,0,1,1
1842,18,0,15,5
1843,2,0,1,1
1844,1,0,1,1
1845,17,0,8,4
1846,0,0,1,1
1847,1,0,1,1
1848,8,0,4,3
1849,1,0,1,1
1850,50,0,4,4
1851,1,0,1,1
1852,1,0,1,1
1853,1,0,1,1
1854,10,0,1,1
1855,29,0,9,5
1856,5,0,8,4
1858,15,1,13,4
1859,7,0,1,1
1860,1,0,1,1
1861,0,0,1,1
1862,19,0,11,4
1863,27,1,23,7
1864,0,0,1,1
1865,14,0,1,1
1866,57,0,35,6
1867,16,0,1,1
1868,9,0,1,1
1869,2,0,1,1